"","file","accuracy"
"1",0,0.80069161911505
"2",1,0.800440824386582
