"","file","accuracy"
"1",0,0.89249138754215
"2",1,0.891975762125161
