"","branch","model","predictors","accuracy","TP","FN","FP","TN","accuracy_cMatrix"
"1",1,"Logistic Regression","ip+device+os+channel+channel_app+channel_ip+channel_ip_app",0.925328156977357,253654,18987,1555,901,0.925328156977357
"8",2,"QDA","app+device+ip_app",0.94143232095988,58,780,1,12496,0.94143232095988
"11",3,"Logistic Regression","ip",0.994905133737177,2436654,0,12478,0,0.994905133737177
"16",4,"Logistic Regression","ip",0.709416139511028,0,13597,0,33195,0.709416139511028
"21",5,"Logistic Regression","ip+app+channel+ip_app+channel_app+channel_ip+channel_ip_app",0.927869384746343,210717,15822,617,750,0.927869384746343
"26",6,"Logistic Regression","ip",0.646599591856105,0,14893,0,27249,0.646599591856105
"33",7,"QDA","ip",0.771854406919275,26901,7932,931,3084,0.771854406919275
