"","file","branch","human","bot","total","humanPer","botPer","totalPer"
"1",5,1,1587,207618,209205,0.00758586075858608,0.992414139241414,0.0679053359919217
"2",5,2,9005,621,9626,0.935487222106794,0.0645127778932059,0.00312447964560234
"3",5,3,13785,2416054,2429839,0.00567321538587536,0.994326784614125,0.78869545996164
"4",5,4,24042,16186,40228,0.59764343243512,0.40235656756488,0.0130575074987836
"5",5,5,1752,270204,271956,0.00644221859418435,0.993557781405816,0.0882735286203439
"6",5,6,28116,23664,51780,0.542989571263036,0.457010428736964,0.0168071427435372
"7",5,7,2551,65648,68199,0.0374052405460491,0.962594759453951,0.022136545538171
